"keyword","text","retweet_count","favourites_count","created_at","user_name"
"news","RT @soledadobrien: Trade wars are easy to win. https://t.co/v43Avw8LlQ",0,208339,"2018-10-09T13:20:44.000Z","Bethsinni"
"news","RT @kylegriffin1: NBC News: Trump's tariffs have already cost Ford $1B; now it's planning layoffs. https://t.co/5PGNqeuu8v",0,208339,"2018-10-09T13:20:47.000Z","Bethsinni"
"news","RT @TheSRKWorld555: Shah Rukh Khan‚Äôs (@iamsrk‚Äôs) Zero - Satellite Rights With Zee Network &amp; Digital Rights With Netflix! 
https://t.co/QjV9‚Ä¶",0,167044,"2018-10-09T13:20:47.000Z","Shivaangi"
"news","RT @CaRob1945: Ohhhhh looky here üëÄ Anybody surprised by this must have been living in the past century!!! üôÑ #RottonToTheCore https://t.co/H‚Ä¶",0,142137,"2018-10-09T13:20:48.000Z","Deirdre Trotman üî± ‚ùåüßú‚Äç‚ôÇÔ∏è #IamTommy ‚ù§Ô∏èüá¨üáß‚ù§Ô∏è"
"news","RT @bjcreigh: Fox News thinks Taylor Swift should stick to entertaining and keep her political opinions to herself.

This comes less than a‚Ä¶",0,140508,"2018-10-09T13:20:50.000Z","B BlueTrue #WhoOwnsKavanaugh? #KavanaughLied"
"news","RT @TorontoStar: Canada‚Äôs spy agency re-evaluated the threat posed by the far right after the 2017 mosque shooting in Quebec, and now new d‚Ä¶",0,140480,"2018-10-09T13:20:45.000Z","The Thin White Dork"
"news","RT @thehillyfield: Great News! @localwoodswork on @DartmoorDevon ! It's #WSEDay2018 &amp; funding is approved for our wood-drying barn and welf‚Ä¶",0,137483,"2018-10-09T13:20:49.000Z","stewart boyle #FBPE #peoplesvote"
"news","@KerstinK2013 @splcenter Here's a bit more on this, the owner seems... 'nice'.. Actually he's a prick. imo
https://t.co/BC9FGrNUV5",0,135859,"2018-10-09T13:20:42.000Z","Rosalie Hamilton"
"news","RT @Gareth99999: The Skint Guardian could not even mention the word Rape in it's Main Headline instead using Sexual Assault in June 2018 üòï‚Ä¶",0,126931,"2018-10-09T13:20:48.000Z","thesilentseawolf"
"news","RT @TeaPainUSA: ALERT: Tomorrow Trump and Fox News begin their next big disinformation campaign designed to undermine the Mueller probe.  H‚Ä¶",0,106070,"2018-10-09T13:20:49.000Z","Heather"
"news","RT @sxdoc: Trump &amp; Rosenstein Meeting At 30,000 Feet Today: Meeting Moved¬†To Air Force One; Trump: WHEN WILL THE UNREDACTED FISA DOCS BE RE‚Ä¶",0,104028,"2018-10-09T13:20:44.000Z","Ted  Pert"
"news","RT @msleen1970: Just to show you how the media is so biased against Hillary today we had Rod Rosenstein board AF1 for about 30 minutes with‚Ä¶",0,99338,"2018-10-09T13:20:44.000Z","Badpuddytat"
"news","@dccc Are you also alleging that the 20K+ people who attend Trump rallies are also paid? Fake news",0,98014,"2018-10-09T13:20:45.000Z","Jennifer Hoffman"
"news","RT @AltCornerMusic: //NEWS//
@paparoach tease new album with two new singles!

Check it out:
https://t.co/BSnUoB97gU https://t.co/0YjRCKXxdq",0,97425,"2018-10-09T13:20:50.000Z","Nicola Tirrell"
"news","RT @YEONKI_MIN: hm before this goes out of hand..,. yoongi had to leave because he got some family related news in the car about a Í≤ΩÏ°∞ÏÇ¨ whic‚Ä¶",0,96031,"2018-10-09T13:20:46.000Z"," ú·¥Ä·¥¢·¥á ü"
"news","RT @PrisonPlanet: 17-year-old hangs himself after after false allegations of rape were made against him. His mother then hangs herself too.‚Ä¶",0,95601,"2018-10-09T13:20:45.000Z","Jesse"
"news","RT @_FloridaMan: UPDATE: Hallandale Beach‚Äôs monthly City Commission meeting continues to produce some of Florida‚Äôs most unhinged headlines.‚Ä¶",0,94582,"2018-10-09T13:20:47.000Z","Lord Fancy-Pants"
"news","RT @HoopsPlayer1221: This right here is why the FISA documents have not been Declassified and redacted,,.. https://t.co/DoM0DV6Dj3",0,94482,"2018-10-09T13:20:48.000Z","PatriotAsAMother üá∫üá∏"
"news","RT @OutoftheG8TE: Doctors and cops among 277 arrested in human trafficking, online prostitution sting in Florida https://t.co/XxTx7uBuxP",0,89605,"2018-10-09T13:20:44.000Z","April Howellüá∫üá∏#ReleaseItAll"
"news","RT @SheriffClarke: These two are like an infestation of carpenter ants. They are proving impossible to get rid of. Somebody tell them the c‚Ä¶",0,81958,"2018-10-09T13:20:43.000Z","Lynn Byars"
"news","RT @SheriffClarke: These two are like an infestation of carpenter ants. They are proving impossible to get rid of. Somebody tell them the c‚Ä¶",0,78061,"2018-10-09T13:20:43.000Z","Trumpcardup"
"news","RT @MarkYoungTruth: FOREIGN MEDDLING? Beto O‚ÄôRourke busted taking contributions from out of country: https://t.co/TDQcb5pQMi",0,63205,"2018-10-09T13:20:42.000Z","JUSTICE FOR ALL"
"news","RT @DetentionAction: ‚ÄúThey led me out in handcuffs and put me in a detention centre for two days. Obviously I was frantic. I had panic atta‚Ä¶",0,63138,"2018-10-09T13:20:42.000Z","Benjamin Howarth"
"news","RT @shypepi: üê∞: ""we'll be back soon!""
üçë: ""we'll meet soon. we'll bring an album and will return soon!""
üêú: ""it's better not go on a holiday‚Ä¶",0,58029,"2018-10-09T13:20:42.000Z","1:31am‚ô°;"
"news","RT @realclearisrael: US SECURITY ALERT: Did you see this @POTUS @realDonaldTrump. These monsters are already in Canada and this one could b‚Ä¶",0,54467,"2018-10-09T13:20:42.000Z","Martin"
"news","RT @TraceySRogers1: Exposed! This display of young girls accusing a boy of sexual behavior is a direct result from what we‚Äôre unfortunately‚Ä¶",0,53736,"2018-10-09T13:20:43.000Z","‚ùåPamela Curtisüá∫üá∏"
"news","Facebook Exec Ignores Whiny Employees, Hosts Kavanaugh‚Äôs Confirmation Celebration: https://t.co/MThg1WqDPr",0,51790,"2018-10-09T13:20:42.000Z","Daytripper"
"news","RT @sirDukeDevin: If a woman came out and said Obama sexually assaulted her in high school, Fox News would have given her a prime time show.",0,49458,"2018-10-09T13:20:47.000Z","Matt Kester"
"news","Trump. just hang with me it'll all work out! asshole",0,49436,"2018-10-09T13:20:50.000Z","Geri Winston"
"news","RT @mindcreator: Sorry for spamming in Thai langauge.

There is a media sneaks in the doujinshi event and takes photo without permission, w‚Ä¶",0,45475,"2018-10-09T13:20:43.000Z","araki is the only singer ever"
"news","RT @jeremycorbyn: This heartless Tory Government is tearing lives apart.

https://t.co/mfBLKnl2w6",0,44221,"2018-10-09T13:20:49.000Z","James Uscroft"
"news","RT @kylegriffin1: NBC News: Trump's tariffs have already cost Ford $1B; now it's planning layoffs. https://t.co/5PGNqeuu8v",0,43122,"2018-10-09T13:20:46.000Z","Janice Thomas"
"news","RT @savanjul098: ‚ö†Ô∏èPLEASE IF YOURE 18+. GOO VOTEEE FOR BETO HE IS SUCH A GOOD MAN AND WE NEED TO VOTE NASTY MAN OUT ‚ö†Ô∏è https://t.co/NuBO33T‚Ä¶",0,41589,"2018-10-09T13:20:44.000Z","alina"
"news","RT @emkayess: Heres the @BBCR1 news segment on #BTS if anyone missed it! @UKBTSARMATION @BTSUKUNITE 
#BTSinLondon #KeepCalmAndCarryOn https‚Ä¶",0,35614,"2018-10-09T13:20:49.000Z","üå∏Samantha Kendallüå∏"
"news","RT @NatalieTexas: That is GREAT news!!  Cannot wait to celebrate the #CruzVictory!!

#VoteTedCruz2018 

#KeepTexasRed 

#ChooseCruz https:/‚Ä¶",0,35261,"2018-10-09T13:20:45.000Z","Citizen Kaineüåπ"
"news","RT @savanjul098: ‚ö†Ô∏èPLEASE IF YOURE 18+. GOO VOTEEE FOR BETO HE IS SUCH A GOOD MAN AND WE NEED TO VOTE NASTY MAN OUT ‚ö†Ô∏è https://t.co/NuBO33T‚Ä¶",0,35141,"2018-10-09T13:20:46.000Z","vic"
"news","RT @AlterNet: Fox &amp; Friends Deletes Tweet Claiming Trump‚Äôs Approval 'Soared' to 41 Percent After Getting Ruthlessly Mocked https://t.co/JWT‚Ä¶",0,34557,"2018-10-09T13:20:47.000Z","Gene Coderre"
"news","RT @SheriffClarke: Spoken like a true SOCIALIST. These people are serious and DANGEROUS to our republic. They want to obliterate the US Con‚Ä¶",0,32046,"2018-10-09T13:20:50.000Z","Jake Williams"
"news","RT @AngryBlackLady: If you‚Äôre looking for a law podcast that will explain what the fuck just happened with Barnaby Kavanaugh, but you don‚Äôt‚Ä¶",0,31872,"2018-10-09T13:20:42.000Z","Imani Gandy o‚Äî‚Ç¨"
"news","RT @parvaneieAbi: End the censorship of RESTART OPPOSITION. Stop giving fake news to the people.
#StopCensoringRestart
@edhenry
@stevehilto‚Ä¶",0,31316,"2018-10-09T13:20:44.000Z","3pid"
"news","RT @NobelPrize: BREAKING NEWS: 
The Royal Swedish Academy of Sciences has decided to award the Sveriges Riksbank Prize in Economic Sciences‚Ä¶",0,28151,"2018-10-09T13:20:49.000Z","joy"
"news","@gorskon @MaxBoot It took my friend about 5 years to finally say Bush was wrong. He then registered decline to stat‚Ä¶ https://t.co/Y6TnJnOTSn",0,28076,"2018-10-09T13:20:44.000Z","Erinüïäüá∫üá∏‚òÆ üåä"
"news","@rodrikdani Seems like a fake account. First followed accounts by him are some Arabic news and politicians, later F‚Ä¶ https://t.co/IDjlKdjy0A",0,27290,"2018-10-09T13:20:48.000Z","Maciej Skrzynecki"
"news","RT @SamoaRugby: New coach Steve Jackson has sprung few surprises in a naming his Manu Samoa squad for next month's Northern Hemisphere Tour‚Ä¶",0,26386,"2018-10-09T13:20:48.000Z","Fashy Smith"
"news","RT @GauravGogoiAsm: It is the moral duty of a person holding an important office in the government to respond to serious questions regardin‚Ä¶",0,24630,"2018-10-09T13:20:41.000Z","Amarnath Mukherjee 15"
"news","RT @elderofziyon: Earliest known stone carving of Hebrew word ‚ÄòJerusalem‚Äô found near city entrance https://t.co/kNjqb8SRt2 

In other news,‚Ä¶",0,23429,"2018-10-09T13:20:47.000Z","Jeffofalltradesüáø"
"news","Hoping that Trump will move Fox HQ closer to his *Southern White House* so @GOP's god-smitey hurricanes can be more‚Ä¶ https://t.co/CkNOlMrCrX",0,22159,"2018-10-09T13:20:49.000Z","RozaneAtHome"
"news","Passenger jailed for air rage cabin attendant death threat
https://t.co/qawiaa3Vox
+1 UKBot #UK #news",0,21269,"2018-10-09T13:20:47.000Z","UK News Plow"
"news","RT @sportbible: The WBC have confirmed the news. The fight every boxing fan wanted! ü•ä https://t.co/sEL1MuH4Od",0,20364,"2018-10-09T13:20:47.000Z","Milutin Vukovic üá≤üá™"
"news","RT @privateofficer: UPDATE: Woman tries to ram cop at Chandler school https://t.co/1E0ha9pWfu @privateofficer #PrivateOfficerNews https://t‚Ä¶",0,19438,"2018-10-09T13:20:49.000Z","HClary"
"news","RT @spacecrone: please keep this in mind if you feel personally overly-responsible for climate change because you use an air conditioner or‚Ä¶",0,19413,"2018-10-09T13:20:45.000Z","AmericanTruckSongs8"
"news","RT @Erin_KellyMT: Won‚Äôt anyone report how much money the cigarette industry gives the MT Republican Party &amp; their ties with tobacco lobbyis‚Ä¶",0,19375,"2018-10-09T13:20:48.000Z","GopherGrad üåéCall Congress (202) 224-3121"
"news","RT @Keque_Mage: US student detained in Israel for alleged boycott support
MUH FREEZE PEACH!!!!!!!
Israel has held an American graduate stud‚Ä¶",0,19337,"2018-10-09T13:20:49.000Z","Kieberoth"
"news","RT @freedom_moates: BREAKING NEWS: Kanye West to have lunch with President Trump today and later will meet with Jared Kushner. ‚ÄúTopics of d‚Ä¶",0,18839,"2018-10-09T13:20:45.000Z","Chris Hagan"
"news","RT @DonaldJTrumpJr: Weird that it‚Äôs no problem for her but when a conservative does something similar there are out for blood and don‚Äôt for‚Ä¶",0,18257,"2018-10-09T13:20:48.000Z","Rex Capps"
"news","Honest FCC Advert Net Neutrality https://t.co/5S2WR5zkfO https://t.co/OAYzMOpVI9",0,18074,"2018-10-09T13:20:42.000Z","OccuWorld ‚ùå"
"news","The Ingraham Angle 10/8/18 | Breaking Fox News | October 8, 2018 https://t.co/qutJvitU1O via @YouTube",0,17114,"2018-10-09T13:20:42.000Z","Tru Justice"
"news","RT @karma1244: FBI, DoJ Caught Redacting Key Documents Implicating Hillary Clinton, DNC-
https://t.co/fD2fgVTucE
Via - @NeonNettle
#NeonNet‚Ä¶",0,16585,"2018-10-09T13:20:42.000Z","GalRN (Dreg of Society Nurse ~ per JoeBiden)"
"news","RT @EndGameWW3: Possibility of chemical attack in U.K. getting closer, says security minister - Europe - https://t.co/F3h9ktVvwK https://t.‚Ä¶",0,16579,"2018-10-09T13:20:48.000Z","The Angel's sword"
"news","RT @RavenElyseTV: BREAKING NEWS: being an adult is expensive af so you might wanna start preparing for it while you‚Äôre still in school if y‚Ä¶",0,14956,"2018-10-09T13:20:46.000Z","SpoopyKüëª"
"news","RT @JoshStein_: My office will not tolerate any business that exploits a natural disaster to gouge people. I‚Äôm proud of my team for shuttin‚Ä¶",0,14567,"2018-10-09T13:20:43.000Z","NC Gardener"
"news","RT @ShineMyGold: some bad news for single people https://t.co/WpFWhw3yaN",0,14278,"2018-10-09T13:20:49.000Z","jack-ie"
"news","RT @humancoinnet: Our Telegram chat has been temporarily blocked. We have contacted Telegram support service to help us and hope it will be‚Ä¶",0,13049,"2018-10-09T13:20:46.000Z","Silent Hodler #JibbitICO #RAYSNetwork"
"news","""A Star is Reborn"" - Roy Orbison reemerges with a tribute in Bradley Cooper‚Äôs Hit Musical!

#AStarIsBorn‚Ä¶ https://t.co/VurOMmsEjS",0,12663,"2018-10-09T13:20:50.000Z","Roy Orbison Jr"
"news","RT @kurteichenwald: ...and by the way, they are rejecting electronic signatures for ONLINE registrations. Perhaps they want people to sign‚Ä¶",0,12539,"2018-10-09T13:20:46.000Z","D. E. Park"
"news","RT @TBTCDublin: ‚Ç¨60million increase to fund emergency accommodation, ‚Ç¨121million increase in HAP.
Both of these will allow the Govt to funn‚Ä¶",0,12315,"2018-10-09T13:20:44.000Z","The ER Boxset Owner"
"news","RT @minmeraki: [NEWS]
Recently k-media has reported the estimated annual revenue of @BTS_twt to be over ‚Ç©100B (USD 88M). Predicted each mem‚Ä¶",0,12207,"2018-10-09T13:20:48.000Z","‚ô° LOVE IS THE ANSWER ‚ô°"
"news","When the story broke out months ago, hypocrites and never do well pple like @adeyanjudeji and @rosanwo tried to sti‚Ä¶ https://t.co/IUGoQkKVez",0,11880,"2018-10-09T13:20:44.000Z","abayomi gbeleyi"
"news","RT @TeaPainUSA: ALERT: Tomorrow Trump and Fox News begin their next big disinformation campaign designed to undermine the Mueller probe.  H‚Ä¶",0,11193,"2018-10-09T13:20:50.000Z","Marsh Munroe."
"news","RT @jdgmntlgay: tomorrow is the LAST day to register to vote in texas!!! don‚Äôt fuck it up texas https://t.co/WCG1Lmuoqr",0,10346,"2018-10-09T13:20:47.000Z","Bert"
"news","RT @news10nbc: Warning from doctors: Hand, foot, and mouth disease spreading in New York schools. A local doctor explains what you need to‚Ä¶",0,10245,"2018-10-09T13:20:48.000Z","Diana"
"news","RT @EXOGlobal: [NEWS] 181009 '100 Days My Prince' Doh KyungSoo‚ô• Nam JiHyun, First Kiss Ending... 'Viewer Rating of 11%' with the Most Flutt‚Ä¶",0,10236,"2018-10-09T13:20:44.000Z","Love Fotball"
"news","RT @amandatnt03: With the climate change news that just came out, I wanted to remind everyone of this fact https://t.co/DG3JiLps9q",0,9948,"2018-10-09T13:20:43.000Z","üéÉüíÄSpooky MeryüëªüéÉüçÇ"
"news","RT @TeaPainUSA: ALERT: Tomorrow Trump and Fox News begin their next big disinformation campaign designed to undermine the Mueller probe.  H‚Ä¶",0,9906,"2018-10-09T13:20:42.000Z","Ms. Mama Stitch"
"news","RT @bjcreigh: Fox News thinks Taylor Swift should stick to entertaining and keep her political opinions to herself.

This comes less than a‚Ä¶",0,9802,"2018-10-09T13:20:42.000Z","gloria thompson"
"news","RT @totalBarca: Vote for Lionel Messi.

Why? Cause he‚Äôs the best in the world.

https://t.co/nQFSftPL6o",0,9767,"2018-10-09T13:20:43.000Z","elise"
"news","RT @FCBNewsRoom: Salah's fans were out in force to start, but Messi FC has come storming back. But I'm not asking you to vote for Messi bec‚Ä¶",0,9767,"2018-10-09T13:20:46.000Z","elise"
"news","RT @EdKrassen: According to @FoxNews, Taylor Swift coming out in support of women and standing with Democrats in Tennessee is a ""virtue sig‚Ä¶",0,9516,"2018-10-09T13:20:48.000Z","joan howell"
"news","RT @pbump: Here's the story, which came out on the day of his inauguration. https://t.co/zyluU1VYVV",0,9357,"2018-10-09T13:20:45.000Z","Watch Dog"
"news","RT @RealSaavedra: ""One academic study showed that as many as 40 percent of sexual assault charges are false."" https://t.co/gHruub1pvm",0,9088,"2018-10-09T13:20:46.000Z","William Griffith"
"news","@IAmUrOpiate28 Here ya go",0,9085,"2018-10-09T13:20:45.000Z","Melissa Swauncy üá≥üá±üá∏üá∑"
"news","RT @kylegriffin1: NBC News: Trump's tariffs have already cost Ford $1B; now it's planning layoffs. https://t.co/5PGNqeuu8v",0,8922,"2018-10-09T13:20:42.000Z","Hal Gumbert ‚õ∫Ô∏èüå¥"
"news","RT @YEONKI_MIN: hm before this goes out of hand..,. yoongi had to leave because he got some family related news in the car about a Í≤ΩÏ°∞ÏÇ¨ whic‚Ä¶",0,8815,"2018-10-09T13:20:45.000Z","woman like jen"
"news","RT @KEEMSTAR: Yeah, PhillyD has a whole office of people. That gather news, research &amp; edit his videos. I DO ALL THE WORK MYSELF! I have a‚Ä¶",0,8468,"2018-10-09T13:20:45.000Z","KS 451"
"news","He wants to ruin everything",0,8297,"2018-10-09T13:20:42.000Z","Karen"
"news","Here is the full report https://t.co/dLER4Raitf",0,8269,"2018-10-09T13:20:43.000Z","Ahmed Kage"
"news","RT @TorontoStar: Canada‚Äôs spy agency re-evaluated the threat posed by the far right after the 2017 mosque shooting in Quebec, and now new d‚Ä¶",0,7847,"2018-10-09T13:20:44.000Z","Torontonianüá®üá¶üå∑üåª"
"news","RT @WhiteRibbonScot: Well said @NeilMackay . @WhiteRibbonScot invite men who do not perpetrate abuse to stand up and be counted; to state t‚Ä¶",0,7657,"2018-10-09T13:20:44.000Z","Steven 'K'"
"news","RT @ShineMyGold: some bad news for single people https://t.co/WpFWhw3yaN",0,7647,"2018-10-09T13:20:44.000Z","Samit Basu"
"news","RT @EdKrassen: According to @FoxNews, Taylor Swift coming out in support of women and standing with Democrats in Tennessee is a ""virtue sig‚Ä¶",0,7387,"2018-10-09T13:20:43.000Z","Janet George"
"news","@Newsweek As voters are finally beginning to recognize fiscal shell game that #GOP has been playing, it‚Äôs not becau‚Ä¶ https://t.co/HdQDOfPR3B",0,7138,"2018-10-09T13:20:42.000Z","Debra Hale"
"news","RT @bjcreigh: Fox News thinks Taylor Swift should stick to entertaining and keep her political opinions to herself.

This comes less than a‚Ä¶",0,7121,"2018-10-09T13:20:50.000Z","Kevin J. Kline üåä üåäüåä"
"news","RT @lisaabramowicz1: ""Stay calm, everyone. We know what we're doing,"" says Italy's leadership.  https://t.co/Hvg7esdeBB Market response: ""U‚Ä¶",0,7054,"2018-10-09T13:20:41.000Z","Simibit"
"news","RT @mlcalderone: NYT found the president ""participated in dubious tax schemes,"" including ""outright fraud,"" in its year-long investigation.‚Ä¶",0,7012,"2018-10-09T13:20:42.000Z","MsVagrant üá®üá¶"
"news","RT @BaderAbrahams87: @tomfriedman They should also look at previous @washingtonpost articles like this one 

https://t.co/pbqUkeI3qq

Let m‚Ä¶",0,6932,"2018-10-09T13:20:42.000Z","üá∏üá¶MBS ÿßŸÑÿØŸàÿ≥ÿ±Ÿä"
"news","RT @morningpassages: It is said that Busted season 2 will be released after new year in the confirmation news that came out last month. Whi‚Ä¶",0,6780,"2018-10-09T13:20:45.000Z","deniseü§ì"
"news","RT @IOL: Cape Town commuters can expect delays of 60 minutes after a train fire at Cape Town station in which #Metrorail says another eight‚Ä¶",0,6592,"2018-10-09T13:20:42.000Z","DR Dees"
"news","RT @PrisonPlanet: 17-year-old hangs himself after after false allegations of rape were made against him. His mother then hangs herself too.‚Ä¶",0,6589,"2018-10-09T13:20:48.000Z","The Funky Dragon"
"news","RT @DanCardenMP: 1/ Austerity isn't over. It rolls on, piling misery on our communities. Let's take a closer look at some of the Government‚Ä¶",0,5732,"2018-10-09T13:20:43.000Z","cAMERON"
"news","RT @soledadobrien: Trade wars are easy to win. https://t.co/v43Avw8LlQ",0,5318,"2018-10-09T13:20:45.000Z","Bill Wetzel"
"news","RT @newstruthliz: Increasing #IncomeInequality may affect the #US's #credit #rating, as it is likely to affect the #government's #financial‚Ä¶",0,5317,"2018-10-09T13:20:49.000Z","SGIrish92"
"news","RT @SubjectKpop: TWICE are recording for a NHK program on 18th October and is asking for ONCE Japan W members to attend (by lottery) üò≥ http‚Ä¶",0,4981,"2018-10-09T13:20:48.000Z","DARYL"
"news","Holocaust Expert Sees Mitch McConnell As America‚Äôs ‚ÄúGravedigger Of Democracy‚Äù - The Intellectualist https://t.co/cThCTEd90R",0,4876,"2018-10-09T13:20:49.000Z","Linell Grundman"
"news","$mdtr the news was huge !!!!! $acol = $mdtr üöÄüöÄüöÄ the biggest #cannabis packaging company I believe in the world‚Ä¶ https://t.co/DTY7RKbYhZ",0,4796,"2018-10-09T13:20:43.000Z","Pennystock Mcmillion"
"news","RT @TheBabylonBee: 'Kavanaugh Doesn't Have The Right Temperament!' Screams Protester Lobbing Grenade Outside Supreme Court
https://t.co/kbe‚Ä¶",0,4553,"2018-10-09T13:20:50.000Z","Zachary Holland"
"news","RT @TheStalwart: Treasury yields are at a fresh 7-year high https://t.co/KqXucHTKxm https://t.co/2Lsl5AmWqW",0,4531,"2018-10-09T13:20:48.000Z","Charles Hudson"
"news","RT @F3Cup: F3 Cup's 2018 Champion will be crowned at the final round this weekend at @SilverstoneUK, with the season culminating in a three‚Ä¶",0,4499,"2018-10-09T13:20:49.000Z","Neil Lloyd"
"news","RT @mtvasia: .@NCTsmtown_127's moving on up üôå https://t.co/nYQVtTuCnG",0,4390,"2018-10-09T13:20:43.000Z","f, ‚òÅÔ∏è"
"news","RT @TamarWrites: .@LAY_zhang_ released #GiveMeAChance's music video as a birthday gift to his fans, and it's pretty damn sexy (especially i‚Ä¶",0,4349,"2018-10-09T13:20:43.000Z","lunarain"
"news","RT @Radio702: Paul O'Sullivan claims journalists Stefan Hofstatter and Mzilikazi wa Afrika were paid money to push fake news stories at #Su‚Ä¶",0,4333,"2018-10-09T13:20:45.000Z","Tumelo Mapaa"
"news","RT @charlieINTEL: NEWS: Several retailers worldwide opening at 6PM local time on Oct 11 for Black Ops 4 launch, allowing players additional‚Ä¶",0,4119,"2018-10-09T13:20:50.000Z","Robert"
"news","RT @gabedelahaye: You gotta take the good news wherever you can these days. https://t.co/13lPM09wxU",0,4100,"2018-10-09T13:20:49.000Z","‚ú® liv üîÆ"
"news","Thomas, Norman get into Twitter battle - https://t.co/kaEtB8fEG1 https://t.co/0CPF1XCOx6",0,4071,"2018-10-09T13:20:50.000Z","Tailgate Ted"
"news","RT @LondonEconomic: MPs have enjoyed a 17 per cent hike in their salary over the last 10 years while the police, teachers and nurses have s‚Ä¶",0,3953,"2018-10-09T13:20:44.000Z","wchannah"
"news","RT @savanjul098: ‚ö†Ô∏èPLEASE IF YOURE 18+. GOO VOTEEE FOR BETO HE IS SUCH A GOOD MAN AND WE NEED TO VOTE NASTY MAN OUT ‚ö†Ô∏è https://t.co/NuBO33T‚Ä¶",0,3906,"2018-10-09T13:20:48.000Z","krista‚ú®"
"news","RT @XXL: Trippie Redd slams Vic Mensa for his cypher at the BET Hip Hop Awards that reportedly dissed XXXTentacion https://t.co/xV0TKuxVGs",0,3742,"2018-10-09T13:20:42.000Z","Gentry Jefferson"
"news","RT @switbloom: Novartis is looking to strengthen its ties with tech startups as giants like Apple, Google and Amazon advance rapidly into t‚Ä¶",0,3703,"2018-10-09T13:20:44.000Z","John J. Edwards III"
"news","Souper news for fans of this local kosher favorite.",0,3551,"2018-10-09T13:20:49.000Z","Sixth & I"
"news","RT @caitlinmoran: As libraries started to close, people said, ""The young get all their information from the internet. So we don't need libr‚Ä¶",0,3524,"2018-10-09T13:20:46.000Z","Danielle Yardy"
"news","RT @SusanBordo: To the MSM: 
Stop shaking your heads w. talk of a ‚Äúnew low.‚Äù 
Stop producing polls &amp; asking whether this will help or hurt‚Ä¶",0,3295,"2018-10-09T13:20:46.000Z","Jlmaz"
"news","RT @savanjul098: ‚ö†Ô∏èPLEASE IF YOURE 18+. GOO VOTEEE FOR BETO HE IS SUCH A GOOD MAN AND WE NEED TO VOTE NASTY MAN OUT ‚ö†Ô∏è https://t.co/NuBO33T‚Ä¶",0,3214,"2018-10-09T13:20:42.000Z","Grainne Doyle"
"news","RT @savanjul098: ‚ö†Ô∏èPLEASE IF YOURE 18+. GOO VOTEEE FOR BETO HE IS SUCH A GOOD MAN AND WE NEED TO VOTE NASTY MAN OUT ‚ö†Ô∏è https://t.co/NuBO33T‚Ä¶",0,3162,"2018-10-09T13:20:43.000Z","T a y l o r."
"news","RT @emkayess: Heres the @BBCR1 news segment on #BTS if anyone missed it! @UKBTSARMATION @BTSUKUNITE 
#BTSinLondon #KeepCalmAndCarryOn https‚Ä¶",0,3016,"2018-10-09T13:20:46.000Z","ÌÉ±"
"news","RT @helloitsliam: Windows 10 Ransomware Protection Bypassed Using DLL Injection https://t.co/jaiQzZH2jp",0,2729,"2018-10-09T13:20:45.000Z","Sass, D√°vid"
"news","RT @Rolnikov: What editor sees the leader of the Women's Equality Party saying 'women must stand for women' and thinks, what she should act‚Ä¶",0,2097,"2018-10-09T13:20:47.000Z","Ciaran Donaghy"
"news","Man charged after mother and daughter fatally stabbed in quiet village https://t.co/zXEio5uEEW via @MailOnline
Why?‚Ä¶ https://t.co/gpetOgy5BT",0,1947,"2018-10-09T13:20:46.000Z","Susan Okafor"
"news","RT @emkayess: Heres the @BBCR1 news segment on #BTS if anyone missed it! @UKBTSARMATION @BTSUKUNITE 
#BTSinLondon #KeepCalmAndCarryOn https‚Ä¶",0,1809,"2018-10-09T13:20:42.000Z","‚ô° ‚ô° ‚ô°"
"news","@AriFleischer I read the WSJ, but I can‚Äôt watch TV news. It‚Äôs all about Trump good or bad and I just don‚Äôt care to‚Ä¶ https://t.co/ab6L7s0SqB",0,1610,"2018-10-09T13:20:50.000Z","J Paddy Martin"
"news","RT @tom_watson: Today's intervention by @HillaryClinton on Russian involvement in the EU referendum exposes our government's deafening sile‚Ä¶",0,1537,"2018-10-09T13:20:44.000Z","A M Spalding"
"news","RT @LeonardCheshire: People with hearing loss continue to face barriers when applying for jobs and in the workplace, according to charity @‚Ä¶",0,1537,"2018-10-09T13:20:49.000Z","Enhance The UK"
"news","RT @SubjectKpop: TWICE are recording for a NHK program on 18th October and is asking for ONCE Japan W members to attend (by lottery) üò≥ http‚Ä¶",0,1507,"2018-10-09T13:20:47.000Z","ananda #EleN√£oüêß"
"news","RT @ruby_gem: Great mention of my beloved @PopupBikes. 

Wonder if this was a paid for shoe-in from Landlease with the Cladding Scandal @br‚Ä¶",0,1484,"2018-10-09T13:20:46.000Z","Katie Kelly"
"news","RT @TBBJVeronica: #Florida #Aquarium adds another new exec to its team https://t.co/UYIitZr04C via @tbbjnewsroom",0,1427,"2018-10-09T13:20:46.000Z","Pam TBBJ"
"news","RT @jeremycorbyn: This heartless Tory Government is tearing lives apart.

https://t.co/mfBLKnl2w6",0,1322,"2018-10-09T13:20:45.000Z","stephen j macdonald"
"news","RT @DirectViewInc: DirectView News $DIRV https://t.co/NhHL2WGOyR https://t.co/NhHL2WGOyR",0,1304,"2018-10-09T13:20:48.000Z","Climbhigh"
"news","New updates this week from Process Hackers @sarahcpr, @kwiefling, @sidehustlepro, @PaceSmith, @coachmalek,‚Ä¶ https://t.co/tD4rM97DQt",0,1256,"2018-10-09T13:20:47.000Z","‚Ñ≥. David Green"
"news","RT @CHRI_UK: RT @AIIndia: Congrats @BinaNepram.
This is what it means to be #BRAVE.

It‚Äôs not easy for someone to stand up for truth and ju‚Ä¶",0,1145,"2018-10-09T13:20:49.000Z","Binalakshmi Nepram"
"news","RT @AUSAorg: Catch up on #AUSA2018 Day 1 news by checking out our dedicated Annual Meeting news page: https://t.co/SyGTFXuv4z https://t.co/‚Ä¶",0,1117,"2018-10-09T13:20:43.000Z","Nadja West"
"news","RT @France_Paris10: Stop sharing your good news until AFTER it has already been established. Whether it is a job, baby, relationship, marri‚Ä¶",0,1040,"2018-10-09T13:20:46.000Z","Nic-Nic ‚ù§Ô∏è"
"news","RT @pattonoswalt: Dear @cnn, @msnbc, @FoxNews, @nytimes, @washingtonpost, @VICE ‚Äî This. This is all you have to cover from now on. You know‚Ä¶",0,1006,"2018-10-09T13:20:43.000Z","Judy Williams"
"news","RT @GoogleUK: Hey you, we‚Äôve got some big news. Tune in 9 Oct at 4pm. We‚Äôll be live streaming it all right here https://t.co/RkX7YxACog #ma‚Ä¶",0,937,"2018-10-09T13:20:46.000Z","A_Blessing4All"
"news","@Acosta This is about paid protesters Acosta. I don‚Äôt know‚Äîmaybe there‚Äôs a news story in there somewhere?  Not that you‚Äôd care, you hack.",0,916,"2018-10-09T13:20:42.000Z","Rob B üá∫üá∏"
"news","RT @mitchellvii: #SLOWWALKERISREAL - TICK-TOCK... Sean Hannity Warns Audience and Deep State, ""It's Going to Be Another Big Breaking News W‚Ä¶",0,882,"2018-10-09T13:20:45.000Z","Mr. Common Sense"
"news","RT @KIMTAEHYUNGBAR_: We feel excited that the project has received so much attention„Ö†„Ö†„Ö†„Ö† We will always do our best to support taehyung. We‚Ä¶",0,773,"2018-10-09T13:20:45.000Z","Dirhemsu_95"
"news","So a lock of me ex‚Äôs are free now?",0,715,"2018-10-09T13:20:49.000Z","Matty Smith"
"news","RT @CricketStrength: Our first fast bowlers profiling day was a a belter https://t.co/jo7Q35WGUt",0,697,"2018-10-09T13:20:44.000Z","Sports Performance"
"news","RT @malaysiakini: Cops monitoring tahfiz schools to stop spread of IS ideology https://t.co/v1hJJsx4qf https://t.co/fI90ACh5sI",0,695,"2018-10-09T13:20:46.000Z","mello wello"
"news","Not a great day on the #A14. A crash involving a lorry and a broken down vehicle are causing delays https://t.co/BaYFl89lMj",0,629,"2018-10-09T13:20:45.000Z","Cambridgeshire Live"
"news","RT @eaglestarreview: Vote on Northern Onondaga Public Library (NOPL)'s budget tomorrow: https://t.co/LIOQv4WLYM",0,614,"2018-10-09T13:20:46.000Z","NOPL"
"news","The latest Top Telecom News! https://t.co/HWeTk9kwIJ Thanks to @TheZubaidi @bryanmwolfe @CienaBluePlanet #telecom #technology",0,608,"2018-10-09T13:20:42.000Z","iSay"
"news","Messaging Upstart Touted as WeChat Rival Wiped From Apple Store https://t.co/d5tvcnZu8Q via @technology",0,582,"2018-10-09T13:20:42.000Z","Roger Yu"
"news","Congrats to Robert Cyrus for growing the heaviest pumpkin at the West  Virginia Pumpkin Festival. It came in at a w‚Ä¶ https://t.co/7SI6yeozEC",0,439,"2018-10-09T13:20:42.000Z","WV Dept. of Ag"
"news","RT @scottsamsnews: KFWS - #txwx 8:18 Radar Loop @KRLD Morning News Traffic &amp; Wx Together On the 8s! https://t.co/qpNaJbgPT8",0,436,"2018-10-09T13:20:50.000Z","1080 KRLD"
"news","RT @Flipkart: Listen to @imVkohli... he's got BIG news for bestselling smartphones. Tough decisions made easy because #BigBillionDaysAreBac‚Ä¶",0,313,"2018-10-09T13:20:47.000Z","Diya"
"news","RT @SheriffClarke: These two are like an infestation of carpenter ants. They are proving impossible to get rid of. Somebody tell them the c‚Ä¶",0,248,"2018-10-09T13:20:45.000Z","Pete Butkovich"
"news","Tuesday October 9 - Huffington Post The Morning Email:    Trump falsely claims Brett Kavanaugh ‚Äúproven innocent‚Äù;‚Ä¶ https://t.co/KWYCylYdfc",0,242,"2018-10-09T13:20:42.000Z","David Thomas Sutton"
"news","However you decide to vote, it's important that you do!  Read the article by @KCRG to find out how you can vote ear‚Ä¶ https://t.co/SNDl9AzHf3",0,241,"2018-10-09T13:20:50.000Z","RSH Legal"
"news","RT @GSarafan: Trump's tariffs have already cost Ford $1B; now it's planning layoffs. So much winning that I'm sick of winning.  https://t.c‚Ä¶",0,231,"2018-10-09T13:20:46.000Z","Marc Dylan"
"news","Pledge to fight period poverty in Brighton and Hove schools https://t.co/mZGj2lzZ3g",0,205,"2018-10-09T13:20:49.000Z","SoropsInYork"
"news","""You're always looking for innovative ideas and things that you look at to continue to grow.""

More on the Arkansas‚Ä¶ https://t.co/zUPtgtOx9v",0,191,"2018-10-09T13:20:45.000Z","WholeHogSports.com"
"news","RT @anachatterjee: #metoo, in India, has become an important, empowering movement. However, fake news &amp; unsubstantiated allegations can hug‚Ä¶",0,108,"2018-10-09T13:20:44.000Z","Akanksha Kapoor"
"news","Hold unbiased probe into sexual harassment cases: Editors Guild tells media organisations
https://t.co/TMnqpj8oSa",0,103,"2018-10-09T13:20:49.000Z","Financial Express"
"news","Finance Minister Paschal Donohoe has completed his #Budget19 speech, follow the action here https://t.co/oPNn1d5e6j",0,102,"2018-10-09T13:20:46.000Z","Extra.ie"
"news","Hallelujah!! Bring üçÅ on!! ‚ò∫Ô∏è",0,68,"2018-10-09T13:20:48.000Z","Dawn Long"
"news","RT @TrueNicoleMarie: @mccann_sam spoke up and fought for the the Quincy home Veterans. He demanded @BruceRauner and @IDPH for IMMEDIATE ACT‚Ä¶",0,66,"2018-10-09T13:20:48.000Z","Aaron Merreighn 4 Lt. Governor"
"news","Thai officials will conduct blockchain feasibility studies, aiming to apply the technology for digital IDs, smart c‚Ä¶ https://t.co/mOtoo3EVgM",0,36,"2018-10-09T13:20:45.000Z","StakingPools"
"news","Investors are increasingly recognizing @SCRDAlliance Great news!",0,34,"2018-10-09T13:20:44.000Z","John A O'Toole, CEcD"
"news","RT @MirrorPolitics: Hillary Clinton blasts Theresa May for siding with far-right Hungarian leader
https://t.co/piCI9uujKP https://t.co/QEOG‚Ä¶",0,14,"2018-10-09T13:20:42.000Z","Andrey Schubert"
"news","Crane Mounted On A Farm Tractor | Crane Plus https://t.co/1MlDGY4j2H",0,11,"2018-10-09T13:20:48.000Z","Crane Plus"
"news","@anjanaomkashyap @aajtak @ZeeNews @abpnewshindi my concern is abt the #MeeToo movement all the media houses showing‚Ä¶ https://t.co/ITIWjY6w0H",0,9,"2018-10-09T13:20:47.000Z","ANKIT AGARWAL"
"news","Don't Listen  https://t.co/TixweAb5hX",0,8,"2018-10-09T13:20:42.000Z","Teophiel Oriteo Weston"
"news","RT @WFPBC: The Nobel Peace Prize has been awarded to Denis Mukwege and Nadia Murad ""for their efforts to end the use of sexual violence as‚Ä¶",0,2,"2018-10-09T13:20:50.000Z","Bob Morency"
"news","https://t.co/TyONDk1GS6 Iraqis invited to apply online for ministerial posts Prime Minister-designate Ad‚Ä¶ https://t.co/4RbZq4YoAL",0,1,"2018-10-09T13:20:47.000Z","Zen-site"
"news","The latest A380 Airbus News! https://t.co/wM4pRTv3YS Thanks to @ponteaereabr @GulfBusiness @DinooMarino #a380 #airbus",0,1,"2018-10-09T13:20:48.000Z","A380Airbus.com"
"news","@null NHS managers 'used names of U2 members in ¬£1.4m fraud' NHS managers are accused   https://t.co/qljnL6Gvto",0,0,"2018-10-09T13:20:41.000Z","Avril"
"news","@BorisJohnson @ZacGoldsmith All you be one all you talk show you seen every Twitter and all you show on tv on news‚Ä¶ https://t.co/l8WCjNtlWK",0,0,"2018-10-09T13:20:41.000Z","Kardo07903204921"
